scenario,degrade,trial,pass,min_clearance,collisions,stop_entries,travel_m,states,failures,run_dir
bike_head_on,-,1,PASS,0.4179,0,4,8.485,STOP/WAIT/STOP/WAIT/STOP/WAIT/STOP/WAIT/RESUME/NOMINAL,,/home/sangw/unitree_go2_sidewalk_navigation/verification/runs/bike_head_on_1_1784223705
bike_head_on,-,2,PASS,0.4268,0,7,8.262,STOP/WAIT/STOP/WAIT/STOP/WAIT/STOP/WAIT/STOP/WAIT/STOP/WAIT/STOP/WAIT/RESUME/NOMINAL,,/home/sangw/unitree_go2_sidewalk_navigation/verification/runs/bike_head_on_2_1784223771
bike_head_on,-,3,PASS,0.4568,0,1,9.010,SLOW_DOWN/NOMINAL/SLOW_DOWN/STOP/WAIT/RESUME/NOMINAL,,/home/sangw/unitree_go2_sidewalk_navigation/verification/runs/bike_head_on_3_1784223836
bike_head_on,-,4,PASS,0.4823,0,2,8.744,SLOW_DOWN/STOP/WAIT/STOP/WAIT/RESUME/NOMINAL,,/home/sangw/unitree_go2_sidewalk_navigation/verification/runs/bike_head_on_4_1784223902
bike_head_on,-,5,PASS,0.4268,0,3,8.633,STOP/WAIT/STOP/WAIT/STOP/WAIT/RESUME/NOMINAL,,/home/sangw/unitree_go2_sidewalk_navigation/verification/runs/bike_head_on_5_1784223968
bike_head_on_4ms,-,1,PASS,0.3960,0,3,8.568,SLOW_DOWN/STOP/WAIT/STOP/WAIT/STOP/WAIT/RESUME/NOMINAL,,/home/sangw/unitree_go2_sidewalk_navigation/verification/runs/bike_head_on_4ms_1_1784224033
bike_head_on_4ms,-,2,PASS,0.4037,0,2,8.562,SLOW_DOWN/NOMINAL/STOP/WAIT/STOP/WAIT/RESUME/NOMINAL,,/home/sangw/unitree_go2_sidewalk_navigation/verification/runs/bike_head_on_4ms_2_1784224098
bike_head_on_4ms,-,3,PASS,0.3712,0,2,8.774,STOP/WAIT/STOP/WAIT/RESUME/NOMINAL,,/home/sangw/unitree_go2_sidewalk_navigation/verification/runs/bike_head_on_4ms_3_1784224164
bike_head_on_4ms,-,4,PASS,0.4404,0,2,8.542,SLOW_DOWN/STOP/WAIT/STOP/WAIT/RESUME/NOMINAL,,/home/sangw/unitree_go2_sidewalk_navigation/verification/runs/bike_head_on_4ms_4_1784224231
bike_head_on_4ms,-,5,PASS,0.4224,0,3,8.553,SLOW_DOWN/NOMINAL/SLOW_DOWN/STOP/WAIT/STOP/WAIT/STOP/WAIT/RESUME/NOMINAL,,/home/sangw/unitree_go2_sidewalk_navigation/verification/runs/bike_head_on_4ms_5_1784224297
bike_pass,-,1,PASS,0.8354,0,0,9.857,,,/home/sangw/unitree_go2_sidewalk_navigation/verification/runs/bike_pass_1_1784224364
bike_pass,-,2,PASS,0.9096,0,0,9.863,,,/home/sangw/unitree_go2_sidewalk_navigation/verification/runs/bike_pass_2_1784224430
bike_pass,-,3,PASS,0.8564,0,0,9.829,,,/home/sangw/unitree_go2_sidewalk_navigation/verification/runs/bike_pass_3_1784224495
bike_pass,-,4,PASS,0.8910,0,0,9.848,,,/home/sangw/unitree_go2_sidewalk_navigation/verification/runs/bike_pass_4_1784224560
bike_pass,-,5,PASS,0.8618,0,0,9.860,,,/home/sangw/unitree_go2_sidewalk_navigation/verification/runs/bike_pass_5_1784224626
crossing,-,1,PASS,0.3643,0,0,9.999,SLOW_DOWN/NOMINAL,,/home/sangw/unitree_go2_sidewalk_navigation/verification/runs/crossing_1_1784224692
crossing,-,2,PASS,0.5936,0,1,9.294,SLOW_DOWN/STOP/WAIT/RESUME/NOMINAL,,/home/sangw/unitree_go2_sidewalk_navigation/verification/runs/crossing_2_1784224763
crossing,-,3,PASS,0.5597,0,1,9.331,SLOW_DOWN/NOMINAL/SLOW_DOWN/STOP/WAIT/RESUME/NOMINAL,,/home/sangw/unitree_go2_sidewalk_navigation/verification/runs/crossing_3_1784224834
crossing,-,4,PASS,0.6578,0,6,8.979,SLOW_DOWN/NOMINAL/SLOW_DOWN/STOP/WAIT/STOP/WAIT/STOP/WAIT/STOP/WAIT/STOP/WAIT/STOP/WAIT/RESUME/NOMINAL,,/home/sangw/unitree_go2_sidewalk_navigation/verification/runs/crossing_4_1784224906
crossing,-,5,PASS,0.4463,0,0,9.956,SLOW_DOWN/NOMINAL,,/home/sangw/unitree_go2_sidewalk_navigation/verification/runs/crossing_5_1784224976
empty,-,1,PASS,inf,0,0,9.878,,,/home/sangw/unitree_go2_sidewalk_navigation/verification/runs/empty_1_1784225048
empty,-,2,PASS,inf,0,0,9.871,,,/home/sangw/unitree_go2_sidewalk_navigation/verification/runs/empty_2_1784225112
empty,-,3,PASS,inf,0,0,9.865,,,/home/sangw/unitree_go2_sidewalk_navigation/verification/runs/empty_3_1784225175
empty,-,4,PASS,inf,0,0,9.857,,,/home/sangw/unitree_go2_sidewalk_navigation/verification/runs/empty_4_1784225238
empty,-,5,PASS,inf,0,0,9.852,,,/home/sangw/unitree_go2_sidewalk_navigation/verification/runs/empty_5_1784225301
head_on,-,1,PASS,0.5822,0,5,2.948,SLOW_DOWN/STOP/WAIT/STOP/WAIT/STOP/WAIT/STOP/WAIT/RESUME/NOMINAL/SLOW_DOWN/STOP,,/home/sangw/unitree_go2_sidewalk_navigation/verification/runs/head_on_1_1784225368
head_on,-,2,PASS,0.5363,0,2,3.291,SLOW_DOWN/STOP/WAIT/RESUME/NOMINAL/SLOW_DOWN/STOP,,/home/sangw/unitree_go2_sidewalk_navigation/verification/runs/head_on_2_1784225433
head_on,-,3,PASS,0.5721,0,3,3.276,SLOW_DOWN/STOP/WAIT/STOP/WAIT/RESUME/NOMINAL/SLOW_DOWN/STOP,,/home/sangw/unitree_go2_sidewalk_navigation/verification/runs/head_on_3_1784225496
head_on,-,4,PASS,0.5743,0,3,2.978,SLOW_DOWN/STOP/WAIT/STOP/WAIT/RESUME/NOMINAL/SLOW_DOWN/STOP,,/home/sangw/unitree_go2_sidewalk_navigation/verification/runs/head_on_4_1784225561
head_on,-,5,PASS,0.6049,0,6,3.238,SLOW_DOWN/STOP/WAIT/STOP/WAIT/STOP/WAIT/STOP/WAIT/STOP/WAIT/RESUME/NOMINAL/SLOW_DOWN/STOP,,/home/sangw/unitree_go2_sidewalk_navigation/verification/runs/head_on_5_1784225626
static_stop,-,1,PASS,0.7218,0,1,4.400,SLOW_DOWN/STOP,,/home/sangw/unitree_go2_sidewalk_navigation/verification/runs/static_stop_1_1784225689
static_stop,-,2,PASS,0.7128,0,1,4.403,SLOW_DOWN/STOP,,/home/sangw/unitree_go2_sidewalk_navigation/verification/runs/static_stop_2_1784225760
static_stop,-,3,PASS,0.7054,0,1,4.714,SLOW_DOWN/STOP,,/home/sangw/unitree_go2_sidewalk_navigation/verification/runs/static_stop_3_1784225830
static_stop,-,4,PASS,0.7014,0,1,4.467,SLOW_DOWN/STOP,,/home/sangw/unitree_go2_sidewalk_navigation/verification/runs/static_stop_4_1784225901
static_stop,-,5,PASS,0.6994,0,1,4.412,SLOW_DOWN/STOP,,/home/sangw/unitree_go2_sidewalk_navigation/verification/runs/static_stop_5_1784225972
static_stop,real_l1.yaml,1,PASS,0.6795,0,1,4.440,SLOW_DOWN/STOP,,/home/sangw/unitree_go2_sidewalk_navigation/verification/runs/static_stop_1_1784226046
static_stop,real_l1.yaml,2,PASS,0.6894,0,1,4.731,SLOW_DOWN/STOP,,/home/sangw/unitree_go2_sidewalk_navigation/verification/runs/static_stop_2_1784226119
static_stop,real_l1.yaml,3,PASS,0.6883,0,1,4.730,SLOW_DOWN/NOMINAL/SLOW_DOWN/STOP,,/home/sangw/unitree_go2_sidewalk_navigation/verification/runs/static_stop_3_1784226193
bike_head_on_4ms,real_l1.yaml,1,PASS,0.4732,0,1,9.067,SLOW_DOWN/STOP/WAIT/RESUME/NOMINAL,,/home/sangw/unitree_go2_sidewalk_navigation/verification/runs/bike_head_on_4ms_1_1784226269
bike_head_on_4ms,real_l1.yaml,2,PASS,0.3957,0,5,8.873,SLOW_DOWN/NOMINAL/STOP/WAIT/STOP/WAIT/STOP/WAIT/STOP/WAIT/STOP/WAIT/RESUME/NOMINAL,,/home/sangw/unitree_go2_sidewalk_navigation/verification/runs/bike_head_on_4ms_2_1784226337
bike_head_on_4ms,real_l1.yaml,3,PASS,0.4414,0,4,8.714,SLOW_DOWN/STOP/WAIT/STOP/WAIT/STOP/WAIT/STOP/WAIT/RESUME/NOMINAL,,/home/sangw/unitree_go2_sidewalk_navigation/verification/runs/bike_head_on_4ms_3_1784226405
bike_pass,-,1,PASS,0.8232,0,0,9.856,,,/home/sangw/unitree_go2_sidewalk_navigation/verification/runs/bike_pass_1_1784226475
bike_pass,-,2,PASS,0.9063,0,0,9.881,,,/home/sangw/unitree_go2_sidewalk_navigation/verification/runs/bike_pass_2_1784226541
bike_pass,-,3,PASS,0.8553,0,0,9.837,,,/home/sangw/unitree_go2_sidewalk_navigation/verification/runs/bike_pass_3_1784226607
bike_pass,-,4,PASS,0.8908,0,0,9.853,,,/home/sangw/unitree_go2_sidewalk_navigation/verification/runs/bike_pass_4_1784226673
bike_pass,-,5,PASS,0.8753,0,0,9.857,,,/home/sangw/unitree_go2_sidewalk_navigation/verification/runs/bike_pass_5_1784226739
